alias kurt.vannieuwenhove \"Van Nieuwenhove, Kurt\" <kurt.vannieuwenhove@famousgrey.com>
alias nmbs-ticketverkoop Ticketverkoop NMBS <tickets@b-rail.be>
alias vincent-neil Neil Vincent <Neil.Vincent@phdmedia.com>
alias jeroen@jackjoe.be Jeroen Bourgois <jeroen@jackjoe.be>
alias vincent-neil Neil Vincent <Neil.Vincent@phdmedia.com<mailto:Neil.Vincent@phdmedia.com>>
alias pieter@jackjoe.be Pieter Michels <pieter@jackjoe.be>
alias gnome-the The Coding Gnome <noreply@notify.thinkific.com>
alias aelvoet-maarten Maarten Aelvoet <maarten@true-north.be>
alias noreply-analytics@google.com noreply-analytics@google.com
alias nils Nils Van Hissenhoven <nils.vanhissenhoven@dbvh.be>
alias AppSignal <notifications@appsignal.com>
alias kurt-van Van Nieuwenhove Kurt <kurt.vannieuwenhove@famousgrey.com>
alias mukabalisa-jona Jona Mukabalisa <jona@micmacminuscule.be>
alias clercq-kristof Kristof De Clercq <kristof.declercq@tenderwolf.com>
alias lysebettens-jochen Jochen Van Lysebettens <jochen@nanopixel.be>
alias vandenameele-wouter Wouter Vandenameele <Wouter.Vandenameele@phdmedia.com>
alias justified-thomas Thomas van Justified <thomas@justified.be>
alias randy-amazon Amazon Web Services via Randy <randy@jackjoe.be>
alias payments-google Google Payments <payments-noreply@google.com>
alias beghein-frederic Frederic Beghein <frederic@beghein.be>
alias kurt-van Van Nieuwenhove Kurt <kurt.vannieuwenhove@famousgrey.com>
alias team-google Google Search Console Team <sc-noreply@google.com>
alias beghein-kantoor KANTOOR BEGHEIN <boekhouding@beghein.be>
alias deltour-stefano Stefano Deltour <stefano@beghein.be>
alias jona-mic Mic Mac Minuscule Jona <jona@micmacminuscule.be>
alias snauwaert-arne Arne Snauwaert <arne.snauwaert@mollie.com>
alias braeken-caroline Caroline Braeken <caroline.braeken@4xl.be>
alias michiels-steven Steven Michiels <steven.michiels@common-ground.eu>
alias TenderWolf <info@tenderwolf.com>
alias valueva-anna Anna Valueva <anna.valueva@effectivesoft.us>
alias randy-adobe Adobe via Randy <randy@jackjoe.be>
alias jonathan-van Van Den Driesch Jonathan <jonathan.vandendriesch@ypto.be>
alias gregory-wuurman Wuurman Gregory <gregory.wuurman.869@b-rail.be<mailto:gregory.wuurman.869@b-rail.be>>
alias support@appsignal.com support@appsignal.com
alias radar-elixir Elixir Radar <elixir.radar@plataformatec.com.br>
alias Adobe <message@adobe.com>
alias YouTube <noreply@youtube.com>
alias no-reply@jackjoe.be no-reply@jackjoe.be
alias developers-google Google Developers <GoogleDevelopers-noreply@google.com>
alias randy-no-reply-aws no-reply-aws via Randy <randy@jackjoe.be>
alias linthout-gert Gert Linthout <gert.linthout@gmail.com>
alias wouter- Wouter Vandenameele <Wouter.Vandenameele@phdmedia.com>
alias jeroen- Jeroen Bourgois <jeroen@jackjoe.be>
alias via- Amazon Web Services via Randy <randy@jackjoe.be>
alias GitLab <gitlab@mg.gitlab.com>
alias no-reply@m.micmacminuscule.be no-reply@m.micmacminuscule.be
alias bax- Klantendienst | Bax Music <klantendienst@bax-shop.be>
alias combell- Combell Administratie <administratie@combell.com>
alias ken- Ken Wuytack <ken.wuytack@gmail.com>
alias sa360-support@google.com sa360-support@google.com
alias gert- Gert Linthout <gert.linthout@gmail.com>
alias carlo- Carlo Vuijlsteke <carlo.vuijlsteke@flandersdc.be>
alias minuscule- Mic Mac Minuscule Jona <jona@micmacminuscule.be>
alias |- Xerius | pensioenadviseurs <contact@xerius.be>
alias inge- Inge Dorssers <inge.dorssers@common-ground.eu>
alias dephny- Dephny Vanhalst <dephny.vanhalst@yerpa.eu>
alias minuscule- Mic Mac Minuscule Jona <jona@micmacminuscule.be>
alias gert- watz.. Gert Haubrechts <gert@watz.be>
alias ovaere- Ovaere Jozefien <Jozefien.Ovaere@gszwevegem.be>
alias DigitalOcean <no-reply@digitalocean.com>
alias baptiste- Baptiste Hottin <baptiste.hottin@webedia-group.com>
alias google- Google Ads <ads-noreply@google.com>
alias dennis- Dennis Verjans <dennisverjans@gmail.com>
alias kent- Kent Lamb <noreply@docker.com>
alias de- Renate De Martelaere <renate.demartelaere@antenno.be>
alias inge- Inge Meynants <inge.meynants@dbvh.be>
alias filip Filip Modderie <filip.modderie@antenno.be>
alias jeroen Jeroen Bourgois <jeroen.bourgois@antenno.be>
